<?xml version="1.0" encoding="utf-8" ?>

<component name="FRows" extends="Group" >
    <script type="text/brightscript" uri="FRows.brs" />
    <interface>
        <field id="content" type="node"  onChange="onContentChanged"/>
        <field id="rowItemSize" type="array" />
        <field id="rowHeigths" type="array" />
        <field id="rowSpacing" type="array" />
        <field id="showRowLabel" type="array" />
        <field id="focusXOffset" type="array" />
        <field id="rowItemSpacing" type="array" />
        <field id="marginTop" type="float" value="44"/>
        <field id="height" type="float" value="1080"/>
        <field id="targetRectsArray" type="array"/>

    </interface>
<children>
    <TargetList id="targetList" defaultTargetSetFocusIndex="0" advanceKey="down" reverseKey="up" />

</children>

</component>